,FRAUD_DECILE,level_1,min,max,final_score
0,1,score_rf,1.02696063113117e-06,0.9999999842199145,0.999
1,2,score_rf,3.1822194533523797e-07,1.0268704879056216e-06,0.998
2,3,score_rf,1.543104657613113e-07,3.1818294481439957e-07,0.997
3,4,score_rf,9.298101260806372e-08,1.5430484835854268e-07,0.996
4,5,score_rf,6.21449191186645e-08,9.297951365832115e-08,0.995
5,6,score_rf,4.465600694734685e-08,6.214347126931474e-08,0.994
6,7,score_rf,3.370739651950916e-08,4.465536235994192e-08,0.993
7,8,score_rf,2.6356602983206045e-08,3.3707254744448946e-08,0.992
8,9,score_rf,2.1241225207717043e-08,2.635641405880463e-08,0.991
9,10,score_rf,1.758744333963758e-08,2.1240950260841724e-08,0.99
10,11,score_rf,1.4832013701921264e-08,1.7587427623080637e-08,0.989
11,12,score_rf,1.269307131515869e-08,1.483199482339307e-08,0.988
12,13,score_rf,1.1008623848387537e-08,1.2693053421771202e-08,0.987
13,14,score_rf,9.63386933966079e-09,1.1008618895854371e-08,0.986
14,15,score_rf,8.528196114817263e-09,9.63364046382352e-09,0.985
15,16,score_rf,7.613099334278122e-09,8.528185010437644e-09,0.984
16,17,score_rf,6.848375822400994e-09,7.613080426052873e-09,0.983
17,18,score_rf,6.195077067309483e-09,6.848365409758793e-09,0.982
18,19,score_rf,5.630922914085526e-09,6.195066356976821e-09,0.981
19,20,score_rf,5.1481080161301135e-09,5.63086901774553e-09,0.98
20,21,score_rf,4.728837704796168e-09,5.1480844725144265e-09,0.979
21,22,score_rf,4.357270612666474e-09,4.728826004416388e-09,0.978
22,23,score_rf,4.03286734744738e-09,4.357247149452023e-09,0.977
23,24,score_rf,3.745446931747799e-09,4.0328579649992005e-09,0.976
24,25,score_rf,3.4892861115528425e-09,3.745444617859785e-09,0.975
25,26,score_rf,3.2574503344632968e-09,3.4892397349688703e-09,0.974
26,27,score_rf,3.050441311836164e-09,3.2574281823781076e-09,0.973
27,28,score_rf,2.863187973144504e-09,3.0503633914980665e-09,0.972
28,29,score_rf,2.6947910071874537e-09,2.8631822504780255e-09,0.971
29,30,score_rf,2.5429998141013035e-09,2.694782679973416e-09,0.97
30,31,score_rf,2.401349775333306e-09,2.542999463076374e-09,0.969
31,32,score_rf,2.275521968809241e-09,2.40133723508083e-09,0.968
32,33,score_rf,2.1581961456094546e-09,2.275503890524575e-09,0.967
33,34,score_rf,2.051216414209217e-09,2.1581763125530148e-09,0.966
34,35,score_rf,1.951595616922141e-09,2.051212481807853e-09,0.965
35,36,score_rf,1.8586660679032878e-09,1.951592996796819e-09,0.964
36,37,score_rf,1.7730280507681015e-09,1.8586658633956634e-09,0.963
37,38,score_rf,1.6933213953468391e-09,1.7730247041622413e-09,0.962
38,39,score_rf,1.618471559816444e-09,1.6933210847789507e-09,0.961
39,40,score_rf,1.5484984799741111e-09,1.618468811421789e-09,0.96
40,41,score_rf,1.4841647542604945e-09,1.54849607515387e-09,0.959
41,42,score_rf,1.423813654897814e-09,1.4841625542273712e-09,0.958
42,43,score_rf,1.3668632716586008e-09,1.4238115426197605e-09,0.957
43,44,score_rf,1.3138918236168594e-09,1.366863251703595e-09,0.956
44,45,score_rf,1.2640904582989278e-09,1.3138773747098863e-09,0.955
45,46,score_rf,1.2173151371265848e-09,1.2640870199649049e-09,0.954
46,47,score_rf,1.173286337693839e-09,1.2173143401574132e-09,0.953
47,48,score_rf,1.1315359868099274e-09,1.1732862532407493e-09,0.952
48,49,score_rf,1.091865332602951e-09,1.1315318577023552e-09,0.951
49,50,score_rf,1.0543471192531047e-09,1.0918632416997267e-09,0.95
50,51,score_rf,1.0189194617320609e-09,1.0543464067518033e-09,0.949
51,52,score_rf,9.853372678258561e-10,1.0189193057028117e-09,0.948
52,53,score_rf,9.53204297378279e-10,9.853333537977212e-10,0.947
53,54,score_rf,9.227530767420789e-10,9.532018343202248e-10,0.946
54,55,score_rf,8.943390367336637e-10,9.227475244613368e-10,0.945
55,56,score_rf,8.667253928807357e-10,8.943365998890523e-10,0.944
56,57,score_rf,8.402449079275095e-10,8.667249014362732e-10,0.943
57,58,score_rf,8.151185447611014e-10,8.402435313764818e-10,0.942
58,59,score_rf,7.910611213252508e-10,8.1511481826182e-10,0.9410000000000001
59,60,score_rf,7.684186636488489e-10,7.910578420322447e-10,0.94
60,61,score_rf,7.464466403314844e-10,7.684151441155887e-10,0.9390000000000001
61,62,score_rf,7.257083915114562e-10,7.464456417369087e-10,0.938
62,63,score_rf,7.058646941442157e-10,7.257072837162485e-10,0.937
63,64,score_rf,6.868391634304702e-10,7.058585816042777e-10,0.9359999999999999
64,65,score_rf,6.685879947243817e-10,6.868374164182736e-10,0.935
65,66,score_rf,6.513985178863275e-10,6.68586207651258e-10,0.9339999999999999
66,67,score_rf,6.346610295041999e-10,6.513973878726322e-10,0.933
67,68,score_rf,6.184175403894577e-10,6.346610099715927e-10,0.9319999999999999
68,69,score_rf,6.027847992058e-10,6.184150256977776e-10,0.931
69,70,score_rf,5.877179808344946e-10,6.027843171656576e-10,0.9299999999999999
70,71,score_rf,5.732359479062095e-10,5.877175367236288e-10,0.929
71,72,score_rf,5.594556824037288e-10,5.73233674509231e-10,0.928
72,73,score_rf,5.461517073981812e-10,5.594547242016466e-10,0.927
73,74,score_rf,5.332887184295204e-10,5.461515522257964e-10,0.926
74,75,score_rf,5.208212470262544e-10,5.332885147304099e-10,0.925
75,76,score_rf,5.087906992812978e-10,5.208209001424438e-10,0.924
76,77,score_rf,4.971688759130036e-10,5.087892787809217e-10,0.923
77,78,score_rf,4.86138378484833e-10,4.971670581524821e-10,0.922
78,79,score_rf,4.753792260829922e-10,4.861382260571009e-10,0.921
79,80,score_rf,4.6500878429013195e-10,4.753774422428943e-10,0.92
80,81,score_rf,4.5496567610394356e-10,4.6500800849032187e-10,0.919
81,82,score_rf,4.4514188148140166e-10,4.5496449918739357e-10,0.918
82,83,score_rf,4.357147171790106e-10,4.4514018366268596e-10,0.917
83,84,score_rf,4.265492459103578e-10,4.357142160007304e-10,0.916
84,85,score_rf,4.178025340199014e-10,4.265490863942361e-10,0.915
85,86,score_rf,4.0919041723505463e-10,4.178011555950442e-10,0.914
86,87,score_rf,4.0095969196283843e-10,4.0919005993303675e-10,0.913
87,88,score_rf,3.9288906375308835e-10,4.009595419956843e-10,0.912
88,89,score_rf,3.851140097835557e-10,3.928874219875857e-10,0.911
89,90,score_rf,3.776226565784213e-10,3.851133907408219e-10,0.91
90,91,score_rf,3.7030763473836996e-10,3.776225893578968e-10,0.909
91,92,score_rf,3.632040350197751e-10,3.70307458819707e-10,0.908
92,93,score_rf,3.563376584471117e-10,3.632037719922144e-10,0.907
93,94,score_rf,3.4965022948897787e-10,3.563374225770686e-10,0.906
94,95,score_rf,3.4312155870295337e-10,3.4964998285863817e-10,0.905
95,96,score_rf,3.367803304228784e-10,3.431204649257394e-10,0.904
96,97,score_rf,3.306601774959458e-10,3.367803244704754e-10,0.903
97,98,score_rf,3.2463336939875634e-10,3.3065999586106715e-10,0.902
98,99,score_rf,3.187761890365432e-10,3.246329649322368e-10,0.901
99,100,score_rf,3.1307340884477525e-10,3.1877543577220696e-10,0.9
100,101,score_rf,3.075140376864557e-10,3.130727072175496e-10,0.899
101,102,score_rf,3.0210648688653346e-10,3.075134716187221e-10,0.898
102,103,score_rf,2.968546507719419e-10,3.021062246034558e-10,0.897
103,104,score_rf,2.917353226610233e-10,2.9685445350730405e-10,0.896
104,105,score_rf,2.8680186234754147e-10,2.917352884020235e-10,0.895
105,106,score_rf,2.819416089623309e-10,2.8680156417773054e-10,0.894
106,107,score_rf,2.7726429639855204e-10,2.819409477720058e-10,0.893
107,108,score_rf,2.7271057044605424e-10,2.7726397681254205e-10,0.892
108,109,score_rf,2.6818012125982545e-10,2.7271028795710246e-10,0.891
109,110,score_rf,2.6379623833033367e-10,2.6817995951417343e-10,0.89
110,111,score_rf,2.5954751485089024e-10,2.6379584521638177e-10,0.889
111,112,score_rf,2.553595112641529e-10,2.595470006054599e-10,0.888
112,113,score_rf,2.5130539037660776e-10,2.5535943667780626e-10,0.887
113,114,score_rf,2.4731653301158494e-10,2.5130535915527364e-10,0.886
114,115,score_rf,2.4339357377941516e-10,2.4731629313631624e-10,0.885
115,116,score_rf,2.395798425207241e-10,2.4339319478557053e-10,0.884
116,117,score_rf,2.3583805285711335e-10,2.395797655926211e-10,0.883
117,118,score_rf,2.3225055870270665e-10,2.3583754389621035e-10,0.882
118,119,score_rf,2.287201678150343e-10,2.3225037544675732e-10,0.881
119,120,score_rf,2.252312783282899e-10,2.287200294103526e-10,0.88
120,121,score_rf,2.2186984185313034e-10,2.2523114781153263e-10,0.879
121,122,score_rf,2.1854167663893603e-10,2.2186975723727326e-10,0.878
122,123,score_rf,2.152753695624481e-10,2.1854155054977348e-10,0.877
123,124,score_rf,2.1212574687752224e-10,2.1527529367873524e-10,0.876
124,125,score_rf,2.0903453549251325e-10,2.1212564971500495e-10,0.875
125,126,score_rf,2.0596844939620045e-10,2.0903447997739256e-10,0.874
126,127,score_rf,2.0305489994306924e-10,2.0596829171321305e-10,0.873
127,128,score_rf,2.0013266331642094e-10,2.03054616363336e-10,0.872
128,129,score_rf,1.9728547654809713e-10,2.0013229362027936e-10,0.871
129,130,score_rf,1.945075331250219e-10,1.972848908652288e-10,0.87
130,131,score_rf,1.9178146151254134e-10,1.9450750482046718e-10,0.869
131,132,score_rf,1.8909050838701193e-10,1.917814582833433e-10,0.868
132,133,score_rf,1.864860753798738e-10,1.8909044157783524e-10,0.867
133,134,score_rf,1.8394542337493835e-10,1.8648601350878007e-10,0.866
134,135,score_rf,1.814423755759337e-10,1.8394540323238818e-10,0.865
135,136,score_rf,1.7897513653560647e-10,1.8144232586615122e-10,0.864
136,137,score_rf,1.7655313702460893e-10,1.7897492854152496e-10,0.863
137,138,score_rf,1.7421966601603282e-10,1.765529407406166e-10,0.862
138,139,score_rf,1.718703131196094e-10,1.7421965445681687e-10,0.861
139,140,score_rf,1.6958858478577892e-10,1.718702301455343e-10,0.86
140,141,score_rf,1.6737357593838139e-10,1.6958831900192966e-10,0.859
141,142,score_rf,1.6518434367317698e-10,1.6737351561593609e-10,0.858
142,143,score_rf,1.6302521851419346e-10,1.6518429546218143e-10,0.857
143,144,score_rf,1.6094999831742142e-10,1.630250998870823e-10,0.856
144,145,score_rf,1.589004827187379e-10,1.6094993280368332e-10,0.855
145,146,score_rf,1.5688125541465157e-10,1.589001891805596e-10,0.854
146,147,score_rf,1.5488238129146597e-10,1.5688124301924162e-10,0.853
147,148,score_rf,1.5293361120928244e-10,1.5488201953525712e-10,0.852
148,149,score_rf,1.5102166786189847e-10,1.529335168526066e-10,0.851
149,150,score_rf,1.4916371068544643e-10,1.5102162745220486e-10,0.85
150,151,score_rf,1.472959102839825e-10,1.491636321645588e-10,0.849
151,152,score_rf,1.454665004315743e-10,1.472958396525755e-10,0.848
152,153,score_rf,1.4369061494613449e-10,1.4546650010950042e-10,0.847
153,154,score_rf,1.4192102147270438e-10,1.4369048879434624e-10,0.846
154,155,score_rf,1.4016804122726613e-10,1.4192087539940088e-10,0.845
155,156,score_rf,1.3845850304649306e-10,1.4016790625813242e-10,0.844
156,157,score_rf,1.368007404924052e-10,1.3845847438795155e-10,0.843
157,158,score_rf,1.3517239337352143e-10,1.3680069459184125e-10,0.842
158,159,score_rf,1.3356131353175079e-10,1.351723537918306e-10,0.841
159,160,score_rf,1.3198502649288654e-10,1.3356113687204858e-10,0.84
160,161,score_rf,1.3041898666413574e-10,1.3198499316505316e-10,0.839
161,162,score_rf,1.2889264997843152e-10,1.3041892464306556e-10,0.838
162,163,score_rf,1.2737364516408867e-10,1.2889231754591746e-10,0.837
163,164,score_rf,1.2589901354597838e-10,1.2737342654353438e-10,0.836
164,165,score_rf,1.2443294134023264e-10,1.2589898588550494e-10,0.835
165,166,score_rf,1.2301319076616647e-10,1.2443266005561266e-10,0.834
166,167,score_rf,1.216187637283129e-10,1.2301286908959616e-10,0.833
167,168,score_rf,1.202473998062175e-10,1.2161864705560798e-10,0.832
168,169,score_rf,1.1888963165422815e-10,1.2024725317813204e-10,0.831
169,170,score_rf,1.1756287760861556e-10,1.1888943824506812e-10,0.83
170,171,score_rf,1.162411909498566e-10,1.175627360969662e-10,0.829
171,172,score_rf,1.1494107578087389e-10,1.1624113247188038e-10,0.8280000000000001
172,173,score_rf,1.1367893065586338e-10,1.1494102183742529e-10,0.827
173,174,score_rf,1.1241431823627278e-10,1.1367886801155664e-10,0.8260000000000001
174,175,score_rf,1.1119697027868504e-10,1.1241426449028934e-10,0.825
175,176,score_rf,1.0998421315266834e-10,1.1119695654601439e-10,0.8240000000000001
176,177,score_rf,1.0879503231292004e-10,1.0998420330957731e-10,0.823
177,178,score_rf,1.0762667298099614e-10,1.0879502463442584e-10,0.8220000000000001
178,179,score_rf,1.064632748995118e-10,1.0762663338168503e-10,0.821
179,180,score_rf,1.0534223762355135e-10,1.064632440739977e-10,0.8200000000000001
180,181,score_rf,1.042203671118598e-10,1.0534208645999854e-10,0.819
181,182,score_rf,1.0310444091892662e-10,1.0422036042249514e-10,0.8180000000000001
182,183,score_rf,1.0202058587336098e-10,1.0310430320225179e-10,0.817
183,184,score_rf,1.0095313533887445e-10,1.0202053966941082e-10,0.8160000000000001
184,185,score_rf,9.988622921144018e-11,1.0095306260946056e-10,0.815
185,186,score_rf,9.883606580955349e-11,9.9886170969804e-11,0.8140000000000001
186,187,score_rf,9.779885354463378e-11,9.883604595871617e-11,0.813
187,188,score_rf,9.679564924878706e-11,9.779880776344234e-11,0.812
188,189,score_rf,9.580518746625656e-11,9.679563232180295e-11,0.8109999999999999
189,190,score_rf,9.482032195585912e-11,9.580517945724616e-11,0.81
190,191,score_rf,9.385137794766654e-11,9.482030657200121e-11,0.8089999999999999
191,192,score_rf,9.289242824867712e-11,9.385130587473838e-11,0.808
192,193,score_rf,9.195912123827866e-11,9.289241035701717e-11,0.8069999999999999
193,194,score_rf,9.104366078525072e-11,9.195904378152207e-11,0.806
194,195,score_rf,9.012802758565241e-11,9.104361947058466e-11,0.8049999999999999
195,196,score_rf,8.921086293529388e-11,9.012794639425489e-11,0.804
196,197,score_rf,8.83205041697734e-11,8.921085209598283e-11,0.8029999999999999
197,198,score_rf,8.743947253235888e-11,8.832049170045179e-11,0.802
198,199,score_rf,8.657638871860787e-11,8.743945651545072e-11,0.8009999999999999
199,200,score_rf,8.572508698014753e-11,8.657635319469329e-11,0.8
200,201,score_rf,8.487992053068155e-11,8.572504828608364e-11,0.7989999999999999
201,202,score_rf,8.405714771936334e-11,8.487990385552046e-11,0.798
202,203,score_rf,8.323736761096946e-11,8.405712239641222e-11,0.7969999999999999
203,204,score_rf,8.243428786319556e-11,8.323729891003456e-11,0.796
204,205,score_rf,8.163293088142772e-11,8.243424191985828e-11,0.795
205,206,score_rf,8.085464530668684e-11,8.163290850997115e-11,0.794
206,207,score_rf,8.006495354331592e-11,8.085461341191325e-11,0.793
207,208,score_rf,7.930278513669051e-11,8.006493315329125e-11,0.792
208,209,score_rf,7.854216045996296e-11,7.930276903334937e-11,0.791
209,210,score_rf,7.780825313489859e-11,7.854200024432498e-11,0.79
210,211,score_rf,7.707871124476819e-11,7.780820191395863e-11,0.789
211,212,score_rf,7.635114321057084e-11,7.707866951281869e-11,0.788
212,213,score_rf,7.563797635051455e-11,7.635110101002144e-11,0.787
213,214,score_rf,7.493932444518665e-11,7.563788481464345e-11,0.786
214,215,score_rf,7.42337519609542e-11,7.49392830738005e-11,0.785
215,216,score_rf,7.354588404201061e-11,7.423346810232636e-11,0.784
216,217,score_rf,7.286007263416298e-11,7.354587888353694e-11,0.783
217,218,score_rf,7.21907012286826e-11,7.286002365680572e-11,0.782
218,219,score_rf,7.151828294162416e-11,7.219060827263935e-11,0.781
219,220,score_rf,7.086644086870226e-11,7.15182720347743e-11,0.78
220,221,score_rf,7.021678029467413e-11,7.086643661503127e-11,0.779
221,222,score_rf,6.958903964841898e-11,7.021676648752107e-11,0.778
222,223,score_rf,6.896159337889332e-11,6.958901216547159e-11,0.777
223,224,score_rf,6.833697535405195e-11,6.896157429111987e-11,0.776
224,225,score_rf,6.772516349549418e-11,6.833696302242311e-11,0.775
225,226,score_rf,6.71206212180787e-11,6.772515488936906e-11,0.774
226,227,score_rf,6.652272798405739e-11,6.712060621986657e-11,0.773
227,228,score_rf,6.593208239316985e-11,6.652269261402736e-11,0.772
228,229,score_rf,6.534804750156814e-11,6.593204603094795e-11,0.771
229,230,score_rf,6.476476250266829e-11,6.53480124422781e-11,0.77
230,231,score_rf,6.420109137372096e-11,6.476475436747951e-11,0.769
231,232,score_rf,6.363641951886144e-11,6.420108951044744e-11,0.768
232,233,score_rf,6.307725283621204e-11,6.363639546750372e-11,0.767
233,234,score_rf,6.252886174933206e-11,6.307718310300945e-11,0.766
234,235,score_rf,6.198326884914615e-11,6.252884283575432e-11,0.765
235,236,score_rf,6.144480888577033e-11,6.198317904873175e-11,0.764
236,237,score_rf,6.091294547399925e-11,6.144475173615695e-11,0.763
237,238,score_rf,6.038423590866467e-11,6.091291954483449e-11,0.762
238,239,score_rf,5.986356552017497e-11,6.038420628387288e-11,0.761
239,240,score_rf,5.935324315304643e-11,5.98635627905334e-11,0.76
240,241,score_rf,5.884890519954206e-11,5.935323591667104e-11,0.759
241,242,score_rf,5.834926403320221e-11,5.884889495864674e-11,0.758
242,243,score_rf,5.784855877162195e-11,5.834917974886829e-11,0.757
243,244,score_rf,5.735561190915872e-11,5.784853550873647e-11,0.756
244,245,score_rf,5.687547383248578e-11,5.735559406147615e-11,0.755
245,246,score_rf,5.639693164937811e-11,5.687538633864769e-11,0.754
246,247,score_rf,5.592324296552113e-11,5.639686081307054e-11,0.753
247,248,score_rf,5.545799056934007e-11,5.5923225057010884e-11,0.752
248,249,score_rf,5.4994562509352733e-11,5.545798662678578e-11,0.751
249,250,score_rf,5.453170613578397e-11,5.499454640163328e-11,0.75
250,251,score_rf,5.407859452869552e-11,5.45316258880579e-11,0.749
251,252,score_rf,5.3635266004592865e-11,5.4078521563729676e-11,0.748
252,253,score_rf,5.319519420630125e-11,5.3635263176489686e-11,0.747
253,254,score_rf,5.2758763258561684e-11,5.319519399074518e-11,0.746
254,255,score_rf,5.232409248290707e-11,5.2758756542346345e-11,0.745
255,256,score_rf,5.189633064949658e-11,5.232407730563406e-11,0.744
256,257,score_rf,5.147889548546711e-11,5.18963175559435e-11,0.743
257,258,score_rf,5.1065180726151436e-11,5.147887863091652e-11,0.742
258,259,score_rf,5.0653347968452645e-11,5.106512858731328e-11,0.741
259,260,score_rf,5.024451827424161e-11,5.065333099981898e-11,0.74
260,261,score_rf,4.983333478266092e-11,5.024448801983896e-11,0.739
261,262,score_rf,4.943396427400591e-11,4.983331923394688e-11,0.738
262,263,score_rf,4.903960848024677e-11,4.943394340093002e-11,0.737
263,264,score_rf,4.8644734780936375e-11,4.903958388999305e-11,0.736
264,265,score_rf,4.8257313989819446e-11,4.8644728377443614e-11,0.735
265,266,score_rf,4.7872292884297405e-11,4.825730312185708e-11,0.734
266,267,score_rf,4.749105305841286e-11,4.787227477441239e-11,0.733
267,268,score_rf,4.711277848683815e-11,4.749104028873858e-11,0.732
268,269,score_rf,4.673775384259999e-11,4.711276912497428e-11,0.731
269,270,score_rf,4.6371210957841e-11,4.673773719399265e-11,0.73
270,271,score_rf,4.6007281697233755e-11,4.6371177111302274e-11,0.729
271,272,score_rf,4.5649031049262556e-11,4.60072679967526e-11,0.728
272,273,score_rf,4.529493307999455e-11,4.5649029719039556e-11,0.727
273,274,score_rf,4.4940699370206116e-11,4.529491642073194e-11,0.726
274,275,score_rf,4.45937326296195e-11,4.4940675296254915e-11,0.725
275,276,score_rf,4.425173342512706e-11,4.459371642173965e-11,0.724
276,277,score_rf,4.390761331394694e-11,4.4251725446260286e-11,0.723
277,278,score_rf,4.356662249463085e-11,4.3907611576307574e-11,0.722
278,279,score_rf,4.3231619247848385e-11,4.356662242618229e-11,0.721
279,280,score_rf,4.289825454368548e-11,4.3231593148335395e-11,0.72
280,281,score_rf,4.257105268791323e-11,4.289825355487527e-11,0.719
281,282,score_rf,4.22505394352455e-11,4.257096329800547e-11,0.718
282,283,score_rf,4.192944213543425e-11,4.2250535523448824e-11,0.7170000000000001
283,284,score_rf,4.161447290262094e-11,4.192943874916797e-11,0.716
284,285,score_rf,4.130003954573648e-11,4.1614448805730463e-11,0.7150000000000001
285,286,score_rf,4.098986331628669e-11,4.130002138297918e-11,0.714
286,287,score_rf,4.067945560522133e-11,4.0989854428686144e-11,0.7130000000000001
287,288,score_rf,4.0369300667634935e-11,4.0679435519979607e-11,0.712
288,289,score_rf,4.0064661049026366e-11,4.036923705266187e-11,0.7110000000000001
289,290,score_rf,3.976423139926642e-11,4.0064643172547905e-11,0.71
290,291,score_rf,3.946824699469485e-11,3.976421692527284e-11,0.7090000000000001
291,292,score_rf,3.9175026722077065e-11,3.946822683338628e-11,0.708
292,293,score_rf,3.8886402435794844e-11,3.917495011683284e-11,0.7070000000000001
293,294,score_rf,3.859862348252645e-11,3.888639570062245e-11,0.706
294,295,score_rf,3.831833695794619e-11,3.859862328947229e-11,0.7050000000000001
295,296,score_rf,3.803070219687175e-11,3.831831887209715e-11,0.704
296,297,score_rf,3.77515897515478e-11,3.803069306394532e-11,0.7030000000000001
297,298,score_rf,3.747754699733965e-11,3.7751566685516554e-11,0.702
298,299,score_rf,3.720142713178151e-11,3.747754675080268e-11,0.7010000000000001
299,300,score_rf,3.692834063847493e-11,3.720141894296553e-11,0.7
300,301,score_rf,3.6659724651112946e-11,3.69283078619728e-11,0.6990000000000001
301,302,score_rf,3.6394747197969605e-11,3.6659703197905316e-11,0.698
302,303,score_rf,3.613130927273787e-11,3.63947399896625e-11,0.6970000000000001
303,304,score_rf,3.586913376728641e-11,3.613129096333394e-11,0.696
304,305,score_rf,3.5610407323111284e-11,3.58691108271517e-11,0.6950000000000001
305,306,score_rf,3.5353950583224446e-11,3.56103955989663e-11,0.694
306,307,score_rf,3.510084826009809e-11,3.53539449685109e-11,0.6930000000000001
307,308,score_rf,3.485091005259962e-11,3.5100840311773085e-11,0.692
308,309,score_rf,3.460137209796456e-11,3.4850864375606485e-11,0.6910000000000001
309,310,score_rf,3.435482892147853e-11,3.4601346062725626e-11,0.69
310,311,score_rf,3.4109434612891845e-11,3.4354819058576284e-11,0.6890000000000001
311,312,score_rf,3.3867244428592455e-11,3.4109427235849534e-11,0.688
312,313,score_rf,3.362829429396668e-11,3.386724328597093e-11,0.687
313,314,score_rf,3.3390982049670986e-11,3.3628274427677596e-11,0.6859999999999999
314,315,score_rf,3.315479344634755e-11,3.339097086503226e-11,0.685
315,316,score_rf,3.2924409288041453e-11,3.3154785664273904e-11,0.6839999999999999
316,317,score_rf,3.2694399861477226e-11,3.292440777309779e-11,0.683
317,318,score_rf,3.2463565883591215e-11,3.269436736760695e-11,0.6819999999999999
318,319,score_rf,3.223335006839757e-11,3.246352756043682e-11,0.681
319,320,score_rf,3.200861381419462e-11,3.2233332614170676e-11,0.6799999999999999
320,321,score_rf,3.178579955102794e-11,3.2008604783634927e-11,0.679
321,322,score_rf,3.156556115653812e-11,3.178578963863292e-11,0.6779999999999999
322,323,score_rf,3.1345184283894686e-11,3.156555681489454e-11,0.677
323,324,score_rf,3.112605656940034e-11,3.13451780322148e-11,0.6759999999999999
324,325,score_rf,3.0912017662942584e-11,3.1126039929787225e-11,0.675
325,326,score_rf,3.0700754746570877e-11,3.091201563156008e-11,0.6739999999999999
326,327,score_rf,3.0487516556781096e-11,3.0700737589704484e-11,0.673
327,328,score_rf,3.027690415274475e-11,3.048749014264376e-11,0.6719999999999999
328,329,score_rf,3.0067264340409124e-11,3.02769024590235e-11,0.671
329,330,score_rf,2.986133651273269e-11,3.006723557262023e-11,0.6699999999999999
330,331,score_rf,2.9655122364535025e-11,2.9861304413773175e-11,0.669
331,332,score_rf,2.94508100394937e-11,2.965510335969698e-11,0.6679999999999999
332,333,score_rf,2.9250591944530737e-11,2.94507959757928e-11,0.667
333,334,score_rf,2.9051651060415617e-11,2.9250577145851186e-11,0.6659999999999999
334,335,score_rf,2.8854044676586428e-11,2.9051609372428103e-11,0.665
335,336,score_rf,2.8658389887670187e-11,2.88540438469708e-11,0.6639999999999999
336,337,score_rf,2.8465590456866124e-11,2.8658345184780115e-11,0.663
337,338,score_rf,2.827130376906066e-11,2.8465570439503928e-11,0.6619999999999999
338,339,score_rf,2.8080075158899356e-11,2.8271296999036585e-11,0.661
339,340,score_rf,2.7892161565207776e-11,2.80800113527515e-11,0.6599999999999999
340,341,score_rf,2.7703809552818006e-11,2.7892160936902938e-11,0.659
341,342,score_rf,2.751966771280255e-11,2.770379138188211e-11,0.6579999999999999
342,343,score_rf,2.7335813064488512e-11,2.7519637642285056e-11,0.657
343,344,score_rf,2.715214322857325e-11,2.7335800960895675e-11,0.656
344,345,score_rf,2.697297824425611e-11,2.715211925281909e-11,0.655
345,346,score_rf,2.678977821836245e-11,2.6972960358794196e-11,0.654
346,347,score_rf,2.66105706349439e-11,2.6789773808506736e-11,0.653
347,348,score_rf,2.6433232925243056e-11,2.661055765630083e-11,0.652
348,349,score_rf,2.625992742818128e-11,2.643323246116852e-11,0.651
349,350,score_rf,2.6086377788575528e-11,2.625991880984798e-11,0.65
350,351,score_rf,2.5914581290856167e-11,2.608636990191815e-11,0.649
351,352,score_rf,2.5744815924219788e-11,2.5914528517843356e-11,0.648
352,353,score_rf,2.557631276543249e-11,2.5744809394411245e-11,0.647
353,354,score_rf,2.5409303686605556e-11,2.5576295532607997e-11,0.646
354,355,score_rf,2.524287591383303e-11,2.5409301785793755e-11,0.645
355,356,score_rf,2.5077277217324882e-11,2.5242871078506608e-11,0.644
356,357,score_rf,2.491424783763314e-11,2.507726614593281e-11,0.643
357,358,score_rf,2.4751986825246917e-11,2.4914243644005613e-11,0.642
358,359,score_rf,2.459140708181117e-11,2.4751982131322227e-11,0.641
359,360,score_rf,2.443170286473625e-11,2.459139876259273e-11,0.64
360,361,score_rf,2.427133904621782e-11,2.4431701978660156e-11,0.639
361,362,score_rf,2.411325827950981e-11,2.427132818441559e-11,0.638
362,363,score_rf,2.3956392589388836e-11,2.4113254905204617e-11,0.637
363,364,score_rf,2.3801439249085468e-11,2.3956390480003087e-11,0.636
364,365,score_rf,2.3649189717204224e-11,2.3801436917715408e-11,0.635
365,366,score_rf,2.3496626887928938e-11,2.3649189623469658e-11,0.634
366,367,score_rf,2.334705864690835e-11,2.349662512887291e-11,0.633
367,368,score_rf,2.319755345812709e-11,2.334705625429067e-11,0.632
368,369,score_rf,2.3050685926852246e-11,2.319753912165347e-11,0.631
369,370,score_rf,2.2902504760579682e-11,2.3050660278896704e-11,0.63
370,371,score_rf,2.2756308445580378e-11,2.29025031284815e-11,0.629
371,372,score_rf,2.261198977885735e-11,2.2756306707564507e-11,0.628
372,373,score_rf,2.2467636537949706e-11,2.2611956437706823e-11,0.627
373,374,score_rf,2.2324628642182347e-11,2.2467607031415175e-11,0.626
374,375,score_rf,2.2183883962985756e-11,2.2324623299520946e-11,0.625
375,376,score_rf,2.2043666476267005e-11,2.218387781334416e-11,0.624
376,377,score_rf,2.1905014302023878e-11,2.204364591242914e-11,0.623
377,378,score_rf,2.1767657732733257e-11,2.190501116082051e-11,0.622
378,379,score_rf,2.163123004978467e-11,2.1767644083904448e-11,0.621
379,380,score_rf,2.14948321318971e-11,2.163122641554121e-11,0.62
380,381,score_rf,2.1362083208095628e-11,2.1494828982120543e-11,0.619
381,382,score_rf,2.1227746461685432e-11,2.136206714062746e-11,0.618
382,383,score_rf,2.109225656335194e-11,2.1227745839451063e-11,0.617
383,384,score_rf,2.0959963612515158e-11,2.1092252223528684e-11,0.616
384,385,score_rf,2.082795419775452e-11,2.095996231278438e-11,0.615
385,386,score_rf,2.069643173303652e-11,2.0827954160377188e-11,0.614
386,387,score_rf,2.0568502918440284e-11,2.0696430156018792e-11,0.613
387,388,score_rf,2.0439915445783292e-11,2.0568492242394107e-11,0.612
388,389,score_rf,2.031324890723142e-11,2.0439911749877424e-11,0.611
389,390,score_rf,2.0185789262306435e-11,2.0313241913870064e-11,0.61
390,391,score_rf,2.0059562373093504e-11,2.0185783070671877e-11,0.609
391,392,score_rf,1.9935724423329587e-11,2.0059561210470425e-11,0.608
392,393,score_rf,1.9812833883273453e-11,1.993572023772945e-11,0.607
393,394,score_rf,1.9689508167541713e-11,1.9812832372152927e-11,0.606
394,395,score_rf,1.9568265399441227e-11,1.9689506050189618e-11,0.605
395,396,score_rf,1.9447728764994465e-11,1.956826492230115e-11,0.604
396,397,score_rf,1.9330318282034864e-11,1.944772748661641e-11,0.603
397,398,score_rf,1.9210492421225426e-11,1.933031646248099e-11,0.602
398,399,score_rf,1.9092265517051977e-11,1.9210476577572098e-11,0.601
399,400,score_rf,1.8975933273634827e-11,1.9092255450088244e-11,0.6
400,401,score_rf,1.885949627020848e-11,1.897593118399455e-11,0.599
401,402,score_rf,1.874516459449461e-11,1.8859484882383806e-11,0.598
402,403,score_rf,1.8629328250054968e-11,1.8745158299550812e-11,0.597
403,404,score_rf,1.8515153011525422e-11,1.8629327249375888e-11,0.596
404,405,score_rf,1.8402125155036273e-11,1.8515148687284433e-11,0.595
405,406,score_rf,1.828945180389422e-11,1.8402116555306756e-11,0.594
406,407,score_rf,1.8179171311782256e-11,1.828945019720037e-11,0.593
407,408,score_rf,1.8068293084266158e-11,1.8179169982658754e-11,0.5920000000000001
408,409,score_rf,1.7958582443849288e-11,1.80682913099974e-11,0.591
409,410,score_rf,1.7850806659639708e-11,1.7958579127018484e-11,0.5900000000000001
410,411,score_rf,1.7740544727450773e-11,1.7850795682395812e-11,0.589
411,412,score_rf,1.763241055085829e-11,1.774053526874681e-11,0.5880000000000001
412,413,score_rf,1.7526479259680574e-11,1.7632405964802047e-11,0.587
413,414,score_rf,1.742130416609305e-11,1.7526476868178544e-11,0.5860000000000001
414,415,score_rf,1.7317113348280063e-11,1.74213036914441e-11,0.585
415,416,score_rf,1.721173368005979e-11,1.731711141705941e-11,0.5840000000000001
416,417,score_rf,1.710788873844633e-11,1.7211731985753484e-11,0.583
417,418,score_rf,1.700430911848151e-11,1.7107888045084812e-11,0.5820000000000001
418,419,score_rf,1.690280680959699e-11,1.7004306890985183e-11,0.581
419,420,score_rf,1.680131297673098e-11,1.6902802436866206e-11,0.5800000000000001
420,421,score_rf,1.6700730478633585e-11,1.680131204269283e-11,0.579
421,422,score_rf,1.6601788503805407e-11,1.6700726556344158e-11,0.5780000000000001
422,423,score_rf,1.650362482365467e-11,1.66017871136799e-11,0.577
423,424,score_rf,1.640549087155796e-11,1.650362480097046e-11,0.5760000000000001
424,425,score_rf,1.6307669262985737e-11,1.6405484895738074e-11,0.575
425,426,score_rf,1.621016575909161e-11,1.6307668263120493e-11,0.5740000000000001
426,427,score_rf,1.611454892037929e-11,1.6210164500149755e-11,0.573
427,428,score_rf,1.6020836495621625e-11,1.6114547344625907e-11,0.5720000000000001
428,429,score_rf,1.5926111417802117e-11,1.602083255765293e-11,0.571
429,430,score_rf,1.5831601001542862e-11,1.592610882908542e-11,0.5700000000000001
430,431,score_rf,1.573803248452043e-11,1.5831595007262845e-11,0.569
431,432,score_rf,1.5644932799167596e-11,1.5738026839921908e-11,0.5680000000000001
432,433,score_rf,1.5552548883327847e-11,1.5644928437634377e-11,0.567
433,434,score_rf,1.5461457886436182e-11,1.5552547336259912e-11,0.5660000000000001
434,435,score_rf,1.5370940476290672e-11,1.5461452073020363e-11,0.565
435,436,score_rf,1.52809325098713e-11,1.5370938038186625e-11,0.5640000000000001
436,437,score_rf,1.5191813066655918e-11,1.5280923696981183e-11,0.563
437,438,score_rf,1.5102195723829696e-11,1.5191795783388805e-11,0.562
438,439,score_rf,1.501433056787344e-11,1.5102193886853775e-11,0.5609999999999999
439,440,score_rf,1.492657135495811e-11,1.501432812276958e-11,0.56
440,441,score_rf,1.4839460742017424e-11,1.4926571262624528e-11,0.5589999999999999
441,442,score_rf,1.475213664459493e-11,1.483943098897271e-11,0.558
442,443,score_rf,1.466670724890143e-11,1.475213147646427e-11,0.5569999999999999
443,444,score_rf,1.4581341740403704e-11,1.4666706047991027e-11,0.556
444,445,score_rf,1.4495827347869004e-11,1.4581339505737474e-11,0.5549999999999999
445,446,score_rf,1.4412157571612115e-11,1.4495826171552765e-11,0.554
446,447,score_rf,1.4328824631801851e-11,1.4412156663226794e-11,0.5529999999999999
447,448,score_rf,1.4245483729849815e-11,1.4328816603121061e-11,0.552
448,449,score_rf,1.416204311974922e-11,1.4245480592928591e-11,0.5509999999999999
449,450,score_rf,1.4079439278435147e-11,1.4162035209741197e-11,0.55
450,451,score_rf,1.399835117706444e-11,1.4079437310895668e-11,0.5489999999999999
451,452,score_rf,1.3916268986388142e-11,1.3998343666259025e-11,0.548
452,453,score_rf,1.383671745719972e-11,1.3916264393488862e-11,0.5469999999999999
453,454,score_rf,1.3758156317127855e-11,1.383671716018747e-11,0.546
454,455,score_rf,1.3679084270959957e-11,1.3758150930628215e-11,0.5449999999999999
455,456,score_rf,1.3600311507503912e-11,1.3679078483650272e-11,0.544
456,457,score_rf,1.3522163677409708e-11,1.3600310809437173e-11,0.5429999999999999
457,458,score_rf,1.3444379710910998e-11,1.3522163328462965e-11,0.542
458,459,score_rf,1.3366275021027202e-11,1.3444370037651979e-11,0.5409999999999999
459,460,score_rf,1.3289576167344886e-11,1.3366271360897868e-11,0.54
460,461,score_rf,1.3213164334530574e-11,1.3289575587009939e-11,0.5389999999999999
461,462,score_rf,1.3137047966529117e-11,1.3213164296717379e-11,0.538
462,463,score_rf,1.306192473587923e-11,1.3137036306915696e-11,0.5369999999999999
463,464,score_rf,1.298646704424666e-11,1.3061919950885551e-11,0.536
464,465,score_rf,1.2911769872813226e-11,1.2986465607674522e-11,0.5349999999999999
465,466,score_rf,1.283811148879115e-11,1.291176162344098e-11,0.534
466,467,score_rf,1.2764473613483906e-11,1.2838110292178638e-11,0.5329999999999999
467,468,score_rf,1.2691046843397469e-11,1.276446104471016e-11,0.532
468,469,score_rf,1.2618316401498854e-11,1.2691029892838262e-11,0.531
469,470,score_rf,1.2546401553559728e-11,1.2618312183402006e-11,0.53
470,471,score_rf,1.2475450692862516e-11,1.2546399520875923e-11,0.529
471,472,score_rf,1.2403993869400654e-11,1.247544593504503e-11,0.528
472,473,score_rf,1.2334063132003442e-11,1.2403993580437307e-11,0.527
473,474,score_rf,1.2263912889505663e-11,1.2334061853837641e-11,0.526
474,475,score_rf,1.2194761759825474e-11,1.2263910399531335e-11,0.525
475,476,score_rf,1.2126040465784265e-11,1.2194761603411303e-11,0.524
476,477,score_rf,1.2056294638863037e-11,1.2126036876292827e-11,0.523
477,478,score_rf,1.198813751651089e-11,1.205629195250265e-11,0.522
478,479,score_rf,1.1920600023717847e-11,1.1988130640134292e-11,0.521
479,480,score_rf,1.1853752468178263e-11,1.1920600006741275e-11,0.52
480,481,score_rf,1.1786713879272119e-11,1.1853752057338776e-11,0.519
481,482,score_rf,1.1719322493489196e-11,1.178669604281934e-11,0.518
482,483,score_rf,1.1653061324626745e-11,1.1719321608701063e-11,0.517
483,484,score_rf,1.158757481023591e-11,1.1653061185771343e-11,0.516
484,485,score_rf,1.1522498297515988e-11,1.1587574449626523e-11,0.515
485,486,score_rf,1.1458293580450138e-11,1.1522490625469255e-11,0.514
486,487,score_rf,1.139378133323806e-11,1.145829334986985e-11,0.513
487,488,score_rf,1.1329691000259894e-11,1.1393780340478857e-11,0.512
488,489,score_rf,1.126636782435724e-11,1.1329690992834603e-11,0.511
489,490,score_rf,1.120262202920585e-11,1.1266360221503366e-11,0.51
490,491,score_rf,1.113996246903882e-11,1.1202621637264298e-11,0.509
491,492,score_rf,1.1078008926031366e-11,1.1139957522092402e-11,0.508
492,493,score_rf,1.1016067587864426e-11,1.1078007487598626e-11,0.507
493,494,score_rf,1.0954427211406817e-11,1.1016064427232152e-11,0.506
494,495,score_rf,1.0893527878748058e-11,1.0954423743320655e-11,0.505
495,496,score_rf,1.0832998951584759e-11,1.089352559863119e-11,0.504
496,497,score_rf,1.0772650829048283e-11,1.0832998070470594e-11,0.503
497,498,score_rf,1.0712311079137633e-11,1.077264969408669e-11,0.502
498,499,score_rf,1.0653008531651006e-11,1.0712310656723027e-11,0.501
499,500,score_rf,1.0593772454453253e-11,1.0653008530476232e-11,0.5
500,501,score_rf,1.0534559824768644e-11,1.0593771744156911e-11,0.499
501,502,score_rf,1.0476382389026612e-11,1.0534552657351801e-11,0.498
502,503,score_rf,1.0418254523237345e-11,1.0476376362544512e-11,0.497
503,504,score_rf,1.0360521816163495e-11,1.0418253614105943e-11,0.496
504,505,score_rf,1.0302750767658677e-11,1.036051801465438e-11,0.495
505,506,score_rf,1.0245603889733413e-11,1.0302744134862495e-11,0.494
506,507,score_rf,1.0189454296062884e-11,1.0245603142812565e-11,0.493
507,508,score_rf,1.0133316343652004e-11,1.018945211804327e-11,0.492
508,509,score_rf,1.0077206722281244e-11,1.013331630247108e-11,0.491
509,510,score_rf,1.0021242732725372e-11,1.007720480186239e-11,0.49
510,511,score_rf,9.965511162950449e-12,1.002123517871087e-11,0.489
511,512,score_rf,9.910576627671377e-12,9.965505347137624e-12,0.488
512,513,score_rf,9.855894180577924e-12,9.910565979198984e-12,0.487
513,514,score_rf,9.801465422252497e-12,9.855893977414553e-12,0.486
514,515,score_rf,9.747312680550349e-12,9.801461120924338e-12,0.485
515,516,score_rf,9.693638056037991e-12,9.747312136802364e-12,0.484
516,517,score_rf,9.640081452180998e-12,9.69363593892976e-12,0.483
517,518,score_rf,9.586984470213116e-12,9.640080783533443e-12,0.482
518,519,score_rf,9.533868489522213e-12,9.586984452746938e-12,0.481
519,520,score_rf,9.480961326778709e-12,9.533866150440621e-12,0.48
520,521,score_rf,9.429348642945896e-12,9.480960655493943e-12,0.479
521,522,score_rf,9.37752187917193e-12,9.429347388702343e-12,0.478
522,523,score_rf,9.326155456815321e-12,9.377521599941477e-12,0.477
523,524,score_rf,9.274882603807905e-12,9.326154447202065e-12,0.476
524,525,score_rf,9.224058430278786e-12,9.274881622469445e-12,0.475
525,526,score_rf,9.173273867041711e-12,9.224057751295838e-12,0.474
526,527,score_rf,9.123376817965562e-12,9.173273701513699e-12,0.473
527,528,score_rf,9.073090000065305e-12,9.123370288948882e-12,0.472
528,529,score_rf,9.023888804002831e-12,9.07308347773443e-12,0.471
529,530,score_rf,8.974585090377345e-12,9.023885086140072e-12,0.47
530,531,score_rf,8.9247184238124e-12,8.974581027801266e-12,0.469
531,532,score_rf,8.875153362112231e-12,8.924716479285923e-12,0.46799999999999997
532,533,score_rf,8.827216407352407e-12,8.87515192922924e-12,0.46699999999999997
533,534,score_rf,8.779252557421522e-12,8.827211778908416e-12,0.46599999999999997
534,535,score_rf,8.73118760109492e-12,8.779250840377812e-12,0.46499999999999997
535,536,score_rf,8.683777346414444e-12,8.731184916407152e-12,0.46399999999999997
536,537,score_rf,8.636812491968894e-12,8.683766875821222e-12,0.46299999999999997
537,538,score_rf,8.589858485319208e-12,8.636811631620342e-12,0.46199999999999997
538,539,score_rf,8.543550840076464e-12,8.58985750834089e-12,0.46099999999999997
539,540,score_rf,8.497142313154005e-12,8.543545366293597e-12,0.45999999999999996
540,541,score_rf,8.450768914615159e-12,8.49714100247181e-12,0.45899999999999996
541,542,score_rf,8.404811211375008e-12,8.450763777478944e-12,0.45799999999999996
542,543,score_rf,8.358627741028852e-12,8.4048098786672e-12,0.45699999999999996
543,544,score_rf,8.312613146776299e-12,8.358627352158828e-12,0.45599999999999996
544,545,score_rf,8.266921385029568e-12,8.31261123100601e-12,0.45499999999999996
545,546,score_rf,8.221184273434077e-12,8.266920908468684e-12,0.45399999999999996
546,547,score_rf,8.176200693618098e-12,8.221180733884307e-12,0.45299999999999996
547,548,score_rf,8.131764995425691e-12,8.176200531891834e-12,0.45199999999999996
548,549,score_rf,8.088116431211104e-12,8.131764260582349e-12,0.45099999999999996
549,550,score_rf,8.044164838341478e-12,8.088116067170846e-12,0.44999999999999996
550,551,score_rf,8.000318406039733e-12,8.044164205626384e-12,0.44899999999999995
551,552,score_rf,7.957148814362025e-12,8.000315913227702e-12,0.44799999999999995
552,553,score_rf,7.913669532326269e-12,7.95714661951706e-12,0.44699999999999995
553,554,score_rf,7.870957405321795e-12,7.913664820061171e-12,0.44599999999999995
554,555,score_rf,7.827805489754685e-12,7.87095535444644e-12,0.44499999999999995
555,556,score_rf,7.785497402538357e-12,7.827802046005162e-12,0.44399999999999995
556,557,score_rf,7.743383932568232e-12,7.785497113123375e-12,0.44299999999999995
557,558,score_rf,7.701857921568304e-12,7.743381691868877e-12,0.44199999999999995
558,559,score_rf,7.660227501426644e-12,7.701857341355684e-12,0.44099999999999995
559,560,score_rf,7.618336891473393e-12,7.660218397004691e-12,0.43999999999999995
560,561,score_rf,7.576524844807611e-12,7.61833525473689e-12,0.43899999999999995
561,562,score_rf,7.535492725391441e-12,7.576523552574917e-12,0.43799999999999994
562,563,score_rf,7.495050259536235e-12,7.535492206762973e-12,0.43700000000000006
563,564,score_rf,7.454729382868844e-12,7.495048098239896e-12,0.43600000000000005
564,565,score_rf,7.414018023042466e-12,7.454729123644362e-12,0.43500000000000005
565,566,score_rf,7.37374351817805e-12,7.41401585040007e-12,0.43400000000000005
566,567,score_rf,7.333405937040927e-12,7.373743454919958e-12,0.43300000000000005
567,568,score_rf,7.294046813935688e-12,7.33340137498619e-12,0.43200000000000005
568,569,score_rf,7.254660936123996e-12,7.294046179218995e-12,0.43100000000000005
569,570,score_rf,7.2147795985962194e-12,7.2546552870245725e-12,0.43000000000000005
570,571,score_rf,7.175620059752267e-12,7.2147743603423265e-12,0.42900000000000005
571,572,score_rf,7.136954938607582e-12,7.175618141148317e-12,0.42800000000000005
572,573,score_rf,7.097981046374875e-12,7.136954235697735e-12,0.42700000000000005
573,574,score_rf,7.059457734930016e-12,7.097979940876659e-12,0.42600000000000005
574,575,score_rf,7.02126509342549e-12,7.059455411363472e-12,0.42500000000000004
575,576,score_rf,6.983077392195987e-12,7.02126154540517e-12,0.42400000000000004
576,577,score_rf,6.9446961623362904e-12,6.983076251311158e-12,0.42300000000000004
577,578,score_rf,6.906850855775285e-12,6.944694020368367e-12,0.42200000000000004
578,579,score_rf,6.869211030570072e-12,6.906846440933754e-12,0.42100000000000004
579,580,score_rf,6.831866312105502e-12,6.869210508644576e-12,0.42000000000000004
580,581,score_rf,6.795325260976802e-12,6.8318613348477935e-12,0.41900000000000004
581,582,score_rf,6.7589908936876016e-12,6.795322595229536e-12,0.41800000000000004
582,583,score_rf,6.721706577430737e-12,6.758986289418784e-12,0.41700000000000004
583,584,score_rf,6.685140107609203e-12,6.7217056047717145e-12,0.41600000000000004
584,585,score_rf,6.649227991704081e-12,6.6851309031423036e-12,0.41500000000000004
585,586,score_rf,6.6128859621666375e-12,6.64922261497479e-12,0.41400000000000003
586,587,score_rf,6.5770901245080306e-12,6.612884645459577e-12,0.41300000000000003
587,588,score_rf,6.541679640325242e-12,6.577087248638115e-12,0.41200000000000003
588,589,score_rf,6.505975763162037e-12,6.54167876138966e-12,0.41100000000000003
589,590,score_rf,6.471039711777612e-12,6.505975695541489e-12,0.41000000000000003
590,591,score_rf,6.436070831011146e-12,6.471036280188212e-12,0.40900000000000003
591,592,score_rf,6.401273017356131e-12,6.436068543725539e-12,0.40800000000000003
592,593,score_rf,6.3665526421493145e-12,6.4012645782756505e-12,0.40700000000000003
593,594,score_rf,6.332567784869226e-12,6.366550566205834e-12,0.406
594,595,score_rf,6.298162596081967e-12,6.332567374314757e-12,0.405
595,596,score_rf,6.263931510263795e-12,6.298158794215114e-12,0.404
596,597,score_rf,6.230248690748197e-12,6.263930738784177e-12,0.403
597,598,score_rf,6.1964663615219176e-12,6.230248449290039e-12,0.402
598,599,score_rf,6.162736088107269e-12,6.196465387988946e-12,0.401
599,600,score_rf,6.129369893148536e-12,6.162735774600135e-12,0.4
600,601,score_rf,6.095960532126557e-12,6.129361395572189e-12,0.399
601,602,score_rf,6.063033183969909e-12,6.0959545122939495e-12,0.398
602,603,score_rf,6.030351265858015e-12,6.063032599816034e-12,0.397
603,604,score_rf,5.99754550902444e-12,6.03035063799869e-12,0.396
604,605,score_rf,5.965468333016219e-12,5.99754471604868e-12,0.395
605,606,score_rf,5.9334641422449584e-12,5.9654645402397394e-12,0.394
606,607,score_rf,5.900951565962488e-12,5.933463888487161e-12,0.393
607,608,score_rf,5.869396700576866e-12,5.900948350501582e-12,0.392
608,609,score_rf,5.8374590444045944e-12,5.869393960830354e-12,0.391
609,610,score_rf,5.805912997008596e-12,5.837454494270037e-12,0.39
610,611,score_rf,5.774285152532971e-12,5.805912985900494e-12,0.389
611,612,score_rf,5.742716311698652e-12,5.7742841180225945e-12,0.388
612,613,score_rf,5.71133744824625e-12,5.742711567923262e-12,0.387
613,614,score_rf,5.680596978310978e-12,5.7113331799164856e-12,0.386
614,615,score_rf,5.649471020977617e-12,5.680589019510065e-12,0.385
615,616,score_rf,5.6187338796867165e-12,5.649470164218426e-12,0.384
616,617,score_rf,5.58825882308555e-12,5.618733157040254e-12,0.383
617,618,score_rf,5.5581547796694394e-12,5.588258661594121e-12,0.382
618,619,score_rf,5.527721831864251e-12,5.55815347180493e-12,0.381
619,620,score_rf,5.497318791208721e-12,5.52772113866887e-12,0.38
620,621,score_rf,5.4675076582886776e-12,5.497316608570863e-12,0.379
621,622,score_rf,5.437303998071515e-12,5.467506717482211e-12,0.378
622,623,score_rf,5.407785192704799e-12,5.437297038144347e-12,0.377
623,624,score_rf,5.378491363589347e-12,5.407784671931139e-12,0.376
624,625,score_rf,5.349021776820802e-12,5.3784910299419686e-12,0.375
625,626,score_rf,5.319846625378688e-12,5.349018755446614e-12,0.374
626,627,score_rf,5.2908656037720655e-12,5.319846223676622e-12,0.373
627,628,score_rf,5.262135529462351e-12,5.2908649943428476e-12,0.372
628,629,score_rf,5.233548792090663e-12,5.262135193372415e-12,0.371
629,630,score_rf,5.204699829404962e-12,5.233547632644486e-12,0.37
630,631,score_rf,5.176398656388025e-12,5.204699273403176e-12,0.369
631,632,score_rf,5.148097848393749e-12,5.1763974861546176e-12,0.368
632,633,score_rf,5.119726135899148e-12,5.148094671188692e-12,0.367
633,634,score_rf,5.091561742475728e-12,5.11972601141632e-12,0.366
634,635,score_rf,5.063930044900662e-12,5.091557846757973e-12,0.365
635,636,score_rf,5.036257914670446e-12,5.0639296874617724e-12,0.364
636,637,score_rf,5.0085975530799194e-12,5.036257837144292e-12,0.363
637,638,score_rf,4.9811832511381e-12,5.0085939233958666e-12,0.362
638,639,score_rf,4.954010469344143e-12,4.9811752466224585e-12,0.361
639,640,score_rf,4.9272982471035936e-12,4.954009194428239e-12,0.36
640,641,score_rf,4.9005143935460576e-12,4.9272966069223525e-12,0.359
641,642,score_rf,4.873738652438205e-12,4.9005138017486096e-12,0.358
642,643,score_rf,4.847364377499784e-12,4.87373619094732e-12,0.357
643,644,score_rf,4.820766281146785e-12,4.8473629842490895e-12,0.356
644,645,score_rf,4.794326070718471e-12,4.820765979270325e-12,0.355
645,646,score_rf,4.768080214010762e-12,4.794318469865283e-12,0.354
646,647,score_rf,4.741829579482862e-12,4.7680795147841705e-12,0.353
647,648,score_rf,4.7160647157858485e-12,4.741828732366262e-12,0.352
648,649,score_rf,4.690101412999619e-12,4.716063244739908e-12,0.351
649,650,score_rf,4.664134939680487e-12,4.690100905604263e-12,0.35
650,651,score_rf,4.638618828653814e-12,4.6641258888235074e-12,0.349
651,652,score_rf,4.613067099326395e-12,4.638618531207696e-12,0.348
652,653,score_rf,4.587693808819292e-12,4.613065943341357e-12,0.347
653,654,score_rf,4.562126045645379e-12,4.5876895200665425e-12,0.346
654,655,score_rf,4.537186262566351e-12,4.562125056243535e-12,0.345
655,656,score_rf,4.5120044421526986e-12,4.537184696923856e-12,0.344
656,657,score_rf,4.4872021283810314e-12,4.512001497743083e-12,0.34299999999999997
657,658,score_rf,4.462311872569151e-12,4.487200058450436e-12,0.34199999999999997
658,659,score_rf,4.437666584504544e-12,4.462310373137037e-12,0.34099999999999997
659,660,score_rf,4.413017985213423e-12,4.437665422478079e-12,0.33999999999999997
660,661,score_rf,4.388613733534758e-12,4.413017831060702e-12,0.33899999999999997
661,662,score_rf,4.364476977634594e-12,4.388613492504751e-12,0.33799999999999997
662,663,score_rf,4.340194874176639e-12,4.3644768425862e-12,0.33699999999999997
663,664,score_rf,4.316164753893572e-12,4.340194573040003e-12,0.33599999999999997
664,665,score_rf,4.292454505829569e-12,4.316164065419619e-12,0.33499999999999996
665,666,score_rf,4.2685905715251726e-12,4.2924491470145984e-12,0.33399999999999996
666,667,score_rf,4.244815478287299e-12,4.268589294274471e-12,0.33299999999999996
667,668,score_rf,4.221517212743593e-12,4.244814608278366e-12,0.33199999999999996
668,669,score_rf,4.1979090361591855e-12,4.221515619500812e-12,0.33099999999999996
669,670,score_rf,4.174485078381486e-12,4.19790741464256e-12,0.32999999999999996
670,671,score_rf,4.151119483812249e-12,4.174482299015489e-12,0.32899999999999996
671,672,score_rf,4.128143029876567e-12,4.151118262976855e-12,0.32799999999999996
672,673,score_rf,4.1048064759898764e-12,4.128141906446136e-12,0.32699999999999996
673,674,score_rf,4.0819712193770525e-12,4.104806081925218e-12,0.32599999999999996
674,675,score_rf,4.059124481062006e-12,4.0819698519344735e-12,0.32499999999999996
675,676,score_rf,4.0364302598028776e-12,4.059124394985416e-12,0.32399999999999995
676,677,score_rf,4.014080390084199e-12,4.036429887422236e-12,0.32299999999999995
677,678,score_rf,3.991794686011855e-12,4.014077478103977e-12,0.32199999999999995
678,679,score_rf,3.969632139751178e-12,3.991790417558136e-12,0.32099999999999995
679,680,score_rf,3.946813322720434e-12,3.969631656394739e-12,0.31999999999999995
680,681,score_rf,3.924807036759531e-12,3.946813320491892e-12,0.31899999999999995
681,682,score_rf,3.90259611961558e-12,3.924806991254201e-12,0.31799999999999995
682,683,score_rf,3.88057048228911e-12,3.90259364037655e-12,0.31699999999999995
683,684,score_rf,3.8586756972535695e-12,3.880569903823593e-12,0.31599999999999995
684,685,score_rf,3.837002818250569e-12,3.858673832918913e-12,0.31499999999999995
685,686,score_rf,3.815464775928591e-12,3.837001352762972e-12,0.31399999999999995
686,687,score_rf,3.793997024759896e-12,3.81546231952874e-12,0.31299999999999994
687,688,score_rf,3.772690201432019e-12,3.793995529545267e-12,0.31200000000000006
688,689,score_rf,3.751286965106613e-12,3.7726869073566556e-12,0.31100000000000005
689,690,score_rf,3.730045968853637e-12,3.751286501870208e-12,0.31000000000000005
690,691,score_rf,3.708976863582759e-12,3.73004571476398e-12,0.30900000000000005
691,692,score_rf,3.68783617652318e-12,3.708976518085099e-12,0.30800000000000005
692,693,score_rf,3.666752912048525e-12,3.687836100314536e-12,0.30700000000000005
693,694,score_rf,3.646019528982619e-12,3.6667526100962335e-12,0.30600000000000005
694,695,score_rf,3.625243090787787e-12,3.646016729582414e-12,0.30500000000000005
695,696,score_rf,3.60488649401422e-12,3.6252407452076714e-12,0.30400000000000005
696,697,score_rf,3.58420935468376e-12,3.6048846734420366e-12,0.30300000000000005
697,698,score_rf,3.563989157654884e-12,3.5842072817999543e-12,0.30200000000000005
698,699,score_rf,3.543498369612641e-12,3.563988701283819e-12,0.30100000000000005
699,700,score_rf,3.523397049772414e-12,3.543497712940946e-12,0.30000000000000004
700,701,score_rf,3.5033761394769925e-12,3.5233949096015095e-12,0.29900000000000004
701,702,score_rf,3.4832219318509753e-12,3.5033751730589347e-12,0.29800000000000004
702,703,score_rf,3.4632968091097924e-12,3.483221903662349e-12,0.29700000000000004
703,704,score_rf,3.443324326963491e-12,3.463296312969901e-12,0.29600000000000004
704,705,score_rf,3.423489884926348e-12,3.4433235184562008e-12,0.29500000000000004
705,706,score_rf,3.4039172269884637e-12,3.4234897485737753e-12,0.29400000000000004
706,707,score_rf,3.3841813164873387e-12,3.4039169638713768e-12,0.29300000000000004
707,708,score_rf,3.3644463224118344e-12,3.384180316805665e-12,0.29200000000000004
708,709,score_rf,3.3452006754276135e-12,3.3644447404349516e-12,0.29100000000000004
709,710,score_rf,3.3260145195592996e-12,3.34519974364308e-12,0.29000000000000004
710,711,score_rf,3.306858773685695e-12,3.326014291856512e-12,0.28900000000000003
711,712,score_rf,3.288093539286598e-12,3.306858210770068e-12,0.28800000000000003
712,713,score_rf,3.2689819107919984e-12,3.2880922014722228e-12,0.28700000000000003
713,714,score_rf,3.2501237919958785e-12,3.2689795656688762e-12,0.28600000000000003
714,715,score_rf,3.231388942106869e-12,3.2501227840269165e-12,0.28500000000000003
715,716,score_rf,3.212792174760786e-12,3.231387939829694e-12,0.28400000000000003
716,717,score_rf,3.1942191412827983e-12,3.2127908671601677e-12,0.28300000000000003
717,718,score_rf,3.175776656500997e-12,3.194218202982804e-12,0.28200000000000003
718,719,score_rf,3.157171882074786e-12,3.1757759920399216e-12,0.281
719,720,score_rf,3.1386433189139758e-12,3.1571710300837856e-12,0.28
720,721,score_rf,3.120459238579881e-12,3.138642800464805e-12,0.279
721,722,score_rf,3.102244276284923e-12,3.120458596897292e-12,0.278
722,723,score_rf,3.084324272897238e-12,3.1022439713704775e-12,0.277
723,724,score_rf,3.066152168368118e-12,3.0843220353658767e-12,0.276
724,725,score_rf,3.048076125945723e-12,3.0661514885723596e-12,0.275
725,726,score_rf,3.0301896381408968e-12,3.0480754895192124e-12,0.274
726,727,score_rf,3.012375881553497e-12,3.0301891087279764e-12,0.273
727,728,score_rf,2.9946874905884652e-12,3.0123754902666945e-12,0.272
728,729,score_rf,2.9768157188596527e-12,2.99468710843898e-12,0.271
729,730,score_rf,2.9591088047839215e-12,2.976814884175792e-12,0.27
730,731,score_rf,2.9413887038099506e-12,2.9591071616953834e-12,0.269
731,732,score_rf,2.9241040560445807e-12,2.9413879301545565e-12,0.268
732,733,score_rf,2.9067535741019294e-12,2.92410344522542e-12,0.267
733,734,score_rf,2.8892556159488387e-12,2.9067533619694657e-12,0.266
734,735,score_rf,2.8718905070583504e-12,2.8892547535421497e-12,0.265
735,736,score_rf,2.8548597623521763e-12,2.8718876229433653e-12,0.264
736,737,score_rf,2.8376021708313013e-12,2.854858784762221e-12,0.263
737,738,score_rf,2.8203662417689857e-12,2.83760096105877e-12,0.262
738,739,score_rf,2.8035595791524224e-12,2.8203654935969353e-12,0.261
739,740,score_rf,2.78658532429647e-12,2.803559332557268e-12,0.26
740,741,score_rf,2.7700450879663048e-12,2.7865850829674e-12,0.259
741,742,score_rf,2.753307582886845e-12,2.7700450160652985e-12,0.258
742,743,score_rf,2.7365989967941574e-12,2.7533073840000742e-12,0.257
743,744,score_rf,2.7201115958354024e-12,2.736595171647018e-12,0.256
744,745,score_rf,2.7035499559520723e-12,2.7201115605396816e-12,0.255
745,746,score_rf,2.6872449269751944e-12,2.7035491592999997e-12,0.254
746,747,score_rf,2.6708186523089767e-12,2.687244365368083e-12,0.253
747,748,score_rf,2.6548650648269923e-12,2.6708172874555707e-12,0.252
748,749,score_rf,2.638627908112437e-12,2.6548643098779682e-12,0.251
749,750,score_rf,2.6224253307480776e-12,2.6386272971482166e-12,0.25
750,751,score_rf,2.606496968734623e-12,2.6224250555108656e-12,0.249
751,752,score_rf,2.59055449180403e-12,2.606495476042891e-12,0.248
752,753,score_rf,2.5747853404386733e-12,2.5905530113982696e-12,0.247
753,754,score_rf,2.558984615332134e-12,2.5747851633244343e-12,0.246
754,755,score_rf,2.5432590002018555e-12,2.5589838219794937e-12,0.245
755,756,score_rf,2.5274780153547095e-12,2.5432588673637642e-12,0.244
756,757,score_rf,2.5119242360598843e-12,2.5274766111030322e-12,0.243
757,758,score_rf,2.4963856580294732e-12,2.5119238948543965e-12,0.242
758,759,score_rf,2.4809813874385606e-12,2.4963846259060796e-12,0.241
759,760,score_rf,2.465728107304379e-12,2.4809803815084255e-12,0.24
760,761,score_rf,2.4502860259468683e-12,2.4657276853960553e-12,0.239
761,762,score_rf,2.435294084718479e-12,2.450285059766637e-12,0.238
762,763,score_rf,2.420017055390377e-12,2.43529390271111e-12,0.237
763,764,score_rf,2.4049506892901075e-12,2.420016583279941e-12,0.236
764,765,score_rf,2.389899880454122e-12,2.404950013092662e-12,0.235
765,766,score_rf,2.375153645931985e-12,2.389898947870293e-12,0.23399999999999999
766,767,score_rf,2.3602340115040627e-12,2.3751536351510014e-12,0.23299999999999998
767,768,score_rf,2.3454042986305966e-12,2.360233632145047e-12,0.23199999999999998
768,769,score_rf,2.330545843742045e-12,2.345404006770338e-12,0.23099999999999998
769,770,score_rf,2.3156782218649732e-12,2.3305457753899688e-12,0.22999999999999998
770,771,score_rf,2.3011432519710913e-12,2.3156779028952195e-12,0.22899999999999998
771,772,score_rf,2.286688993034791e-12,2.3011429524697562e-12,0.22799999999999998
772,773,score_rf,2.2722939123093563e-12,2.2866888175081545e-12,0.22699999999999998
773,774,score_rf,2.257878758680144e-12,2.272293353947514e-12,0.22599999999999998
774,775,score_rf,2.243334784003836e-12,2.2578778335256516e-12,0.22499999999999998
775,776,score_rf,2.229007081495082e-12,2.2433336074876437e-12,0.22399999999999998
776,777,score_rf,2.2147821273930036e-12,2.2290068242980676e-12,0.22299999999999998
777,778,score_rf,2.2007291798168827e-12,2.2147813437402994e-12,0.22199999999999998
778,779,score_rf,2.1864924236855754e-12,2.2007278096190414e-12,0.22099999999999997
779,780,score_rf,2.1723432448982192e-12,2.186491999609311e-12,0.21999999999999997
780,781,score_rf,2.1581159343863736e-12,2.172341552041547e-12,0.21899999999999997
781,782,score_rf,2.1443222341688386e-12,2.1581147481644825e-12,0.21799999999999997
782,783,score_rf,2.130235880947356e-12,2.1443218654854222e-12,0.21699999999999997
783,784,score_rf,2.116218922196649e-12,2.130235691132195e-12,0.21599999999999997
784,785,score_rf,2.1024434563194467e-12,2.1162182248817796e-12,0.21499999999999997
785,786,score_rf,2.088593655571269e-12,2.102443090151405e-12,0.21399999999999997
786,787,score_rf,2.0746247298324253e-12,2.0885932262609128e-12,0.21299999999999997
787,788,score_rf,2.060932332056379e-12,2.074624402296612e-12,0.21199999999999997
788,789,score_rf,2.047233841491753e-12,2.060932290270875e-12,0.21099999999999997
789,790,score_rf,2.0338516513380317e-12,2.047232887869884e-12,0.20999999999999996
790,791,score_rf,2.0202482449450805e-12,2.0338496604263633e-12,0.20899999999999996
791,792,score_rf,2.0068912076152033e-12,2.020245899351914e-12,0.20799999999999996
792,793,score_rf,1.993558337671115e-12,2.0068890146494894e-12,0.20699999999999996
793,794,score_rf,1.9802823745183663e-12,1.993558073609937e-12,0.20599999999999996
794,795,score_rf,1.9670678562110456e-12,1.9802820708163362e-12,0.20499999999999996
795,796,score_rf,1.9540278233124262e-12,1.9670663451703605e-12,0.20399999999999996
796,797,score_rf,1.9410559792685625e-12,1.9540277452968144e-12,0.20299999999999996
797,798,score_rf,1.927827487873501e-12,1.9410539706150707e-12,0.20199999999999996
798,799,score_rf,1.9147318225814787e-12,1.927825776072059e-12,0.20099999999999996
799,800,score_rf,1.901788043466849e-12,1.9147314113717918e-12,0.19999999999999996
800,801,score_rf,1.8889177113279427e-12,1.9017873532692636e-12,0.19899999999999995
801,802,score_rf,1.8759707040531625e-12,1.8889173459365985e-12,0.19799999999999995
802,803,score_rf,1.863176190477409e-12,1.8759705875018144e-12,0.19699999999999995
803,804,score_rf,1.8505325231458513e-12,1.8631761511563496e-12,0.19599999999999995
804,805,score_rf,1.8378968909871765e-12,1.8505321111889415e-12,0.19499999999999995
805,806,score_rf,1.8253340812251975e-12,1.837896231474322e-12,0.19399999999999995
806,807,score_rf,1.8126998010909089e-12,1.8253336322210722e-12,0.19299999999999995
807,808,score_rf,1.8002123337635393e-12,1.8126984298336798e-12,0.19199999999999995
808,809,score_rf,1.7875314424749816e-12,1.8002116681666804e-12,0.19099999999999995
809,810,score_rf,1.7751691478794103e-12,1.787530385341127e-12,0.18999999999999995
810,811,score_rf,1.7627314405660323e-12,1.7751691266235563e-12,0.18899999999999995
811,812,score_rf,1.7503968298327414e-12,1.762731270215009e-12,0.18799999999999994
812,813,score_rf,1.7380784492233743e-12,1.7503960794289539e-12,0.18700000000000006
813,814,score_rf,1.7258976774354978e-12,1.7380784387637316e-12,0.18600000000000005
814,815,score_rf,1.7137973800870173e-12,1.7258973986393914e-12,0.18500000000000005
815,816,score_rf,1.7015311614965675e-12,1.7137972567638693e-12,0.18400000000000005
816,817,score_rf,1.6894926107381414e-12,1.7015289864103914e-12,0.18300000000000005
817,818,score_rf,1.677480842649018e-12,1.6894925120738864e-12,0.18200000000000005
818,819,score_rf,1.6654769230880632e-12,1.677480704896741e-12,0.18100000000000005
819,820,score_rf,1.6535486135178346e-12,1.6654759646745635e-12,0.18000000000000005
820,821,score_rf,1.6417505475715196e-12,1.653547763466705e-12,0.17900000000000005
821,822,score_rf,1.6299462171709592e-12,1.6417501952831587e-12,0.17800000000000005
822,823,score_rf,1.618420252744266e-12,1.6299459356770856e-12,0.17700000000000005
823,824,score_rf,1.6066982768678005e-12,1.6184181730315287e-12,0.17600000000000005
824,825,score_rf,1.59507803221658e-12,1.606697781898087e-12,0.17500000000000004
825,826,score_rf,1.5833457327760178e-12,1.5950777791923955e-12,0.17400000000000004
826,827,score_rf,1.5716379916906077e-12,1.5833440709784112e-12,0.17300000000000004
827,828,score_rf,1.5601509991804453e-12,1.5716355053698711e-12,0.17200000000000004
828,829,score_rf,1.5484537855826138e-12,1.5601507878269702e-12,0.17100000000000004
829,830,score_rf,1.5370194507258863e-12,1.5484525942850284e-12,0.17000000000000004
830,831,score_rf,1.5255192785501e-12,1.5370190020161312e-12,0.16900000000000004
831,832,score_rf,1.5141761012667805e-12,1.5255191314766875e-12,0.16800000000000004
832,833,score_rf,1.5028708354511781e-12,1.5141748766325667e-12,0.16700000000000004
833,834,score_rf,1.4915869089203867e-12,1.5028708218112342e-12,0.16600000000000004
834,835,score_rf,1.4802354531520563e-12,1.491585839964302e-12,0.16500000000000004
835,836,score_rf,1.4689812245685948e-12,1.4802352006770189e-12,0.16400000000000003
836,837,score_rf,1.4579354878643795e-12,1.468980549579057e-12,0.16300000000000003
837,838,score_rf,1.4468289384084961e-12,1.4579351691439958e-12,0.16200000000000003
838,839,score_rf,1.4357702523535405e-12,1.4468279245681348e-12,0.16100000000000003
839,840,score_rf,1.4248844554080733e-12,1.4357701635212382e-12,0.16000000000000003
840,841,score_rf,1.4140238519632068e-12,1.4248832433085147e-12,0.15900000000000003
841,842,score_rf,1.4031233159098902e-12,1.4140234515856984e-12,0.15800000000000003
842,843,score_rf,1.3921327522808678e-12,1.4031228797445214e-12,0.15700000000000003
843,844,score_rf,1.381436665760017e-12,1.392132729069855e-12,0.15600000000000003
844,845,score_rf,1.3708005174749854e-12,1.3814362150806069e-12,0.15500000000000003
845,846,score_rf,1.3601285769197416e-12,1.3708004820777603e-12,0.15400000000000003
846,847,score_rf,1.3494228863103377e-12,1.360128107536486e-12,0.15300000000000002
847,848,score_rf,1.3387602083892548e-12,1.349420934703171e-12,0.15200000000000002
848,849,score_rf,1.3281162642053813e-12,1.3387597859733066e-12,0.15100000000000002
849,850,score_rf,1.3175844546546169e-12,1.3281162318995e-12,0.15000000000000002
850,851,score_rf,1.3069718203389726e-12,1.3175840481388572e-12,0.14900000000000002
851,852,score_rf,1.2963227704858703e-12,1.30697140830938e-12,0.14800000000000002
852,853,score_rf,1.285838879934962e-12,1.2963226602153891e-12,0.14700000000000002
853,854,score_rf,1.2754153102097259e-12,1.2858384171014103e-12,0.14600000000000002
854,855,score_rf,1.2651203265095527e-12,1.2754144274845665e-12,0.14500000000000002
855,856,score_rf,1.2548861638862944e-12,1.2651201261949412e-12,0.14400000000000002
856,857,score_rf,1.2445677042000414e-12,1.2548853650367306e-12,0.14300000000000002
857,858,score_rf,1.2343109972055979e-12,1.2445671021931017e-12,0.14200000000000002
858,859,score_rf,1.2240967915695628e-12,1.2343100745958737e-12,0.14100000000000001
859,860,score_rf,1.2138666065734553e-12,1.2240957667636182e-12,0.14
860,861,score_rf,1.2037851582162912e-12,1.2138662605310553e-12,0.139
861,862,score_rf,1.193688458744795e-12,1.2037838163181703e-12,0.138
862,863,score_rf,1.1835883060159275e-12,1.193687755286916e-12,0.137
863,864,score_rf,1.1734096971226134e-12,1.183587727180788e-12,0.136
864,865,score_rf,1.163460461491805e-12,1.1734095553921651e-12,0.135
865,866,score_rf,1.1533008691268537e-12,1.163460060846709e-12,0.134
866,867,score_rf,1.1433547574564824e-12,1.1533002651016003e-12,0.133
867,868,score_rf,1.1334893642599201e-12,1.1433544399961866e-12,0.132
868,869,score_rf,1.12359276299344e-12,1.1334889652843778e-12,0.131
869,870,score_rf,1.1137570203058926e-12,1.1235911706920992e-12,0.13
870,871,score_rf,1.1041092106056227e-12,1.1137552782101446e-12,0.129
871,872,score_rf,1.0944217475445821e-12,1.1041090982254396e-12,0.128
872,873,score_rf,1.0847842624414669e-12,1.0944203442674195e-12,0.127
873,874,score_rf,1.0752320699086034e-12,1.0847820026900627e-12,0.126
874,875,score_rf,1.0656330102428617e-12,1.0752320646894482e-12,0.125
875,876,score_rf,1.0559707945417387e-12,1.0656327309052488e-12,0.124
876,877,score_rf,1.046497960465871e-12,1.055970657340204e-12,0.123
877,878,score_rf,1.0370320975464307e-12,1.0464968616531838e-12,0.122
878,879,score_rf,1.0274380940766738e-12,1.0370303436403817e-12,0.121
879,880,score_rf,1.0178579074575907e-12,1.0274379199169797e-12,0.12
880,881,score_rf,1.00838570321984e-12,1.017857760830698e-12,0.119
881,882,score_rf,9.989595151925057e-13,1.0083849872140494e-12,0.118
882,883,score_rf,9.89500628828566e-13,9.989591247110988e-13,0.11699999999999999
883,884,score_rf,9.801553131294233e-13,9.895006108786593e-13,0.11599999999999999
884,885,score_rf,9.708949444139144e-13,9.801550765962452e-13,0.11499999999999999
885,886,score_rf,9.615905454056943e-13,9.708947177098509e-13,0.11399999999999999
886,887,score_rf,9.523717046841803e-13,9.615897869552049e-13,0.11299999999999999
887,888,score_rf,9.431966658255554e-13,9.523713025838914e-13,0.11199999999999999
888,889,score_rf,9.340256108595574e-13,9.431963438508732e-13,0.11099999999999999
889,890,score_rf,9.249110710146668e-13,9.340253322575538e-13,0.10999999999999999
890,891,score_rf,9.157736756919204e-13,9.249103786619619e-13,0.10899999999999999
891,892,score_rf,9.067109696687162e-13,9.15773612384619e-13,0.10799999999999998
892,893,score_rf,8.977290367868369e-13,9.067107927310157e-13,0.10699999999999998
893,894,score_rf,8.888274682562348e-13,8.977278820961076e-13,0.10599999999999998
894,895,score_rf,8.79888082319169e-13,8.888269096534187e-13,0.10499999999999998
895,896,score_rf,8.709603328184537e-13,8.798879096987499e-13,0.10399999999999998
896,897,score_rf,8.620806314327753e-13,8.709596856725994e-13,0.10299999999999998
897,898,score_rf,8.531360388385352e-13,8.620799347639092e-13,0.10199999999999998
898,899,score_rf,8.443294627682576e-13,8.531359989968602e-13,0.10099999999999998
899,900,score_rf,8.355458480206032e-13,8.443291752440907e-13,0.09999999999999998
900,901,score_rf,8.268075725034273e-13,8.355458394803905e-13,0.09899999999999998
901,902,score_rf,8.182137888919201e-13,8.268066980432217e-13,0.09799999999999998
902,903,score_rf,8.094134959095017e-13,8.182137633853684e-13,0.09699999999999998
903,904,score_rf,8.007272804984846e-13,8.094134738737754e-13,0.09599999999999997
904,905,score_rf,7.921160695499642e-13,8.007267240679038e-13,0.09499999999999997
905,906,score_rf,7.834745683574796e-13,7.92115564347834e-13,0.09399999999999997
906,907,score_rf,7.749260635548549e-13,7.834743716098486e-13,0.09299999999999997
907,908,score_rf,7.664155145954153e-13,7.749259202911564e-13,0.09199999999999997
908,909,score_rf,7.578193308402046e-13,7.664154506650127e-13,0.09099999999999997
909,910,score_rf,7.492912870228571e-13,7.578176323198431e-13,0.08999999999999997
910,911,score_rf,7.409212118151771e-13,7.492911306461162e-13,0.08899999999999997
911,912,score_rf,7.325317377246281e-13,7.409205686221162e-13,0.08799999999999997
912,913,score_rf,7.239917699394499e-13,7.325312462073369e-13,0.08699999999999997
913,914,score_rf,7.155711962890588e-13,7.23991317491922e-13,0.08599999999999997
914,915,score_rf,7.071669779323224e-13,7.155709525708999e-13,0.08499999999999996
915,916,score_rf,6.988641588920822e-13,7.071669612355755e-13,0.08399999999999996
916,917,score_rf,6.906414587865502e-13,6.988639197803079e-13,0.08299999999999996
917,918,score_rf,6.822990863383149e-13,6.906411127406582e-13,0.08199999999999996
918,919,score_rf,6.740233031613015e-13,6.822987296924735e-13,0.08099999999999996
919,920,score_rf,6.657991753604245e-13,6.740229783634992e-13,0.07999999999999996
920,921,score_rf,6.577018468436059e-13,6.657989488441494e-13,0.07899999999999996
921,922,score_rf,6.496025425595133e-13,6.576993492668497e-13,0.07799999999999996
922,923,score_rf,6.414222022551825e-13,6.496025117154181e-13,0.07699999999999996
923,924,score_rf,6.332661747070243e-13,6.414204295851066e-13,0.07599999999999996
924,925,score_rf,6.251432135972136e-13,6.332655702401663e-13,0.07499999999999996
925,926,score_rf,6.170581293378963e-13,6.251431927475962e-13,0.07399999999999995
926,927,score_rf,6.088897935052192e-13,6.170579067106056e-13,0.07299999999999995
927,928,score_rf,6.008430424633841e-13,6.08889409503889e-13,0.07199999999999995
928,929,score_rf,5.928194975770891e-13,6.008430055291446e-13,0.07099999999999995
929,930,score_rf,5.847983710922786e-13,5.928181555342896e-13,0.06999999999999995
930,931,score_rf,5.76850377250517e-13,5.847982281274892e-13,0.06899999999999995
931,932,score_rf,5.690002869783363e-13,5.768502968348478e-13,0.06799999999999995
932,933,score_rf,5.611775712072136e-13,5.689997085464691e-13,0.06699999999999995
933,934,score_rf,5.531292377891668e-13,5.61177545345466e-13,0.06599999999999995
934,935,score_rf,5.452374402472442e-13,5.531288592652642e-13,0.06499999999999995
935,936,score_rf,5.373807360747734e-13,5.452373561031879e-13,0.06399999999999995
936,937,score_rf,5.295410887634535e-13,5.373798499274261e-13,0.06299999999999994
937,938,score_rf,5.218438608555588e-13,5.295406194113056e-13,0.062000000000000055
938,939,score_rf,5.139482064297412e-13,5.218430252194575e-13,0.061000000000000054
939,940,score_rf,5.062008751927439e-13,5.139478016687415e-13,0.06000000000000005
940,941,score_rf,4.984026570891351e-13,5.062007048146455e-13,0.05900000000000005
941,942,score_rf,4.906793134850989e-13,4.984026289316668e-13,0.05800000000000005
942,943,score_rf,4.829591646227167e-13,4.906792845225258e-13,0.05700000000000005
943,944,score_rf,4.753430483511772e-13,4.829586403618204e-13,0.05600000000000005
944,945,score_rf,4.675908431345164e-13,4.753424555812919e-13,0.05500000000000005
945,946,score_rf,4.598552251621381e-13,4.675906561858701e-13,0.05400000000000005
946,947,score_rf,4.522073317123896e-13,4.598538917200338e-13,0.05300000000000005
947,948,score_rf,4.4459640252547014e-13,4.5220725583419233e-13,0.052000000000000046
948,949,score_rf,4.36896300830583e-13,4.44595937273108e-13,0.051000000000000045
949,950,score_rf,4.2929952208720225e-13,4.368962032412108e-13,0.050000000000000044
950,951,score_rf,4.2176476689546297e-13,4.2929922718006127e-13,0.049000000000000044
951,952,score_rf,4.141653454641555e-13,4.2176472520901423e-13,0.04800000000000004
952,953,score_rf,4.0678644522414636e-13,4.1416529255413327e-13,0.04700000000000004
953,954,score_rf,3.9923328064718827e-13,4.067853734491525e-13,0.04600000000000004
954,955,score_rf,3.91723333046931e-13,3.992332462571803e-13,0.04500000000000004
955,956,score_rf,3.8419493993169343e-13,3.917232657774937e-13,0.04400000000000004
956,957,score_rf,3.7671572840759996e-13,3.841948655124884e-13,0.04300000000000004
957,958,score_rf,3.6929557661520734e-13,3.767148450676768e-13,0.04200000000000004
958,959,score_rf,3.618987490352976e-13,3.692947306423523e-13,0.041000000000000036
959,960,score_rf,3.5450598053784336e-13,3.618985190529093e-13,0.040000000000000036
960,961,score_rf,3.471180523040255e-13,3.5450560823968245e-13,0.039000000000000035
961,962,score_rf,3.397031012161259e-13,3.471180008430397e-13,0.038000000000000034
962,963,score_rf,3.322743788425473e-13,3.397026396497103e-13,0.03700000000000003
963,964,score_rf,3.249239391044862e-13,3.322742491922499e-13,0.03600000000000003
964,965,score_rf,3.1758820590470484e-13,3.2492301643101396e-13,0.03500000000000003
965,966,score_rf,3.1017768742176653e-13,3.175881580818713e-13,0.03400000000000003
966,967,score_rf,3.0272079353748097e-13,3.101771975239019e-13,0.03300000000000003
967,968,score_rf,2.953466243099969e-13,3.0271979912927803e-13,0.03200000000000003
968,969,score_rf,2.879814145003076e-13,2.9534647861235744e-13,0.031000000000000028
969,970,score_rf,2.805349748367185e-13,2.879800730776161e-13,0.030000000000000027
970,971,score_rf,2.731306097513686e-13,2.8053369064606723e-13,0.029000000000000026
971,972,score_rf,2.655910997192224e-13,2.731302580562548e-13,0.028000000000000025
972,973,score_rf,2.582638060942757e-13,2.65589342528229e-13,0.027000000000000024
973,974,score_rf,2.5087195983277953e-13,2.5826225160104255e-13,0.026000000000000023
974,975,score_rf,2.43407541313779e-13,2.5087166687684433e-13,0.025000000000000022
975,976,score_rf,2.359748013808345e-13,2.4340750095719346e-13,0.02400000000000002
976,977,score_rf,2.285008991653997e-13,2.3597408917911297e-13,0.02300000000000002
977,978,score_rf,2.2116965447626484e-13,2.285005907976103e-13,0.02200000000000002
978,979,score_rf,2.1366277677242125e-13,2.211683418350681e-13,0.02100000000000002
979,980,score_rf,2.0612083151243656e-13,2.1366271975604514e-13,0.020000000000000018
980,981,score_rf,1.9858339410412513e-13,2.0612066875006234e-13,0.019000000000000017
981,982,score_rf,1.9099664001250817e-13,1.9858330011084292e-13,0.018000000000000016
982,983,score_rf,1.8330715851435425e-13,1.9099639432697961e-13,0.017000000000000015
983,984,score_rf,1.755857206068191e-13,1.8330714583097525e-13,0.016000000000000014
984,985,score_rf,1.677897469250314e-13,1.7558536745312382e-13,0.015000000000000013
985,986,score_rf,1.5990467131747976e-13,1.6778964935707264e-13,0.014000000000000012
986,987,score_rf,1.5205105499602786e-13,1.5990334528043382e-13,0.013000000000000012
987,988,score_rf,1.440687330830125e-13,1.5205092360544008e-13,0.01200000000000001
988,989,score_rf,1.359199702043107e-13,1.4406790111269995e-13,0.01100000000000001
989,990,score_rf,1.276905603000631e-13,1.3591986386461937e-13,0.010000000000000009
990,991,score_rf,1.1928429649434026e-13,1.2769051677421977e-13,0.009000000000000008
991,992,score_rf,1.1068451696674426e-13,1.1928428552485933e-13,0.008000000000000007
992,993,score_rf,1.0191746228801598e-13,1.1068280923306057e-13,0.007000000000000006
993,994,score_rf,9.276931797478499e-14,1.019157881287122e-13,0.006000000000000005
994,995,score_rf,8.310154661318901e-14,9.276812392561157e-14,0.0050000000000000044
995,996,score_rf,7.28969790011101e-14,8.31011610133715e-14,0.0040000000000000036
996,997,score_rf,6.211577021131125e-14,7.289578129951863e-14,0.0030000000000000027
997,998,score_rf,4.9994911077245584e-14,6.211551694572609e-14,0.0020000000000000018
998,999,score_rf,3.551549127936332e-14,4.999399169775181e-14,0.0010000000000000009
999,1000,score_rf,1.8307150289684516e-15,3.5515240684205697e-14,0.0
